[
  {
    "FirstName": "Torjus",
    "LastName": "Henden",
    "Email": "torjus.henden@example.com",
    "SourceId": 1
  },
  {
    "FirstName": "Likhitha",
    "LastName": "Keshri",
    "Email": "likhitha.keshri@example.com",
    "SourceId": 1
  },
  {
    "FirstName": "Andy",
    "LastName": "Freeman",
    "Email": "andy.freeman@example.com",
    "SourceId": 1
  },
  {
    "FirstName": "Mads",
    "LastName": "Jensen",
    "Email": "mads.jensen@example.com",
    "SourceId": 1
  },
  {
    "FirstName": "Hans-Peter",
    "LastName": "Gaillard",
    "Email": "hans-peter.gaillard@example.com",
    "SourceId": 1
  },
  {
    "FirstName": "Charlie",
    "LastName": "Wilson",
    "Email": "charlie.wilson@example.com",
    "SourceId": 1
  },
  {
    "FirstName": "\u0622\u0646\u06CC\u062A\u0627",
    "LastName": "\u0633\u0644\u0637\u0627\u0646\u06CC \u0646\u0698\u0627\u062F",
    "Email": "anyt.sltnynjd@example.com",
    "SourceId": 1
  },
  {
    "FirstName": "Piper",
    "LastName": "Chen",
    "Email": "piper.chen@example.com",
    "SourceId": 1
  },
  {
    "FirstName": "Jos\u00E9 Eduardo",
    "LastName": "Valverde",
    "Email": "joseeduardo.valverde@example.com",
    "SourceId": 1
  },
  {
    "FirstName": "Brooke",
    "LastName": "Chen",
    "Email": "brooke.chen@example.com",
    "SourceId": 1
  },
  {
    "FirstName": "Pedro",
    "LastName": "Price",
    "Email": "pedro.price@example.com",
    "SourceId": 1
  },
  {
    "FirstName": "Divera",
    "LastName": "Slikker",
    "Email": "divera.slikker@example.com",
    "SourceId": 1
  },
  {
    "FirstName": "Eva",
    "LastName": "B\u00E9langer",
    "Email": "eva.belanger@example.com",
    "SourceId": 1
  },
  {
    "FirstName": "Maya",
    "LastName": "West",
    "Email": "maya.west@example.com",
    "SourceId": 1
  },
  {
    "FirstName": "\u062A\u0627\u0631\u0627",
    "LastName": "\u0646\u0643\u0648 \u0646\u0638\u0631",
    "Email": "tr.nkwnzr@example.com",
    "SourceId": 1
  },
  {
    "FirstName": "Melissa",
    "LastName": "Ruiz",
    "Email": "melissa.ruiz@example.com",
    "SourceId": 1
  },
  {
    "FirstName": "Dennis",
    "LastName": "Fournier",
    "Email": "dennis.fournier@example.com",
    "SourceId": 1
  },
  {
    "FirstName": "Elisabeth",
    "LastName": "Moreau",
    "Email": "elisabeth.moreau@example.com",
    "SourceId": 1
  },
  {
    "FirstName": "Theodore",
    "LastName": "Patel",
    "Email": "theodore.patel@example.com",
    "SourceId": 1
  },
  {
    "FirstName": "Rahul",
    "LastName": "Thampy",
    "Email": "rahul.thampy@example.com",
    "SourceId": 1
  },
  {
    "FirstName": "Carmen",
    "LastName": "Lemaire",
    "Email": "carmen.lemaire@example.com",
    "SourceId": 1
  },
  {
    "FirstName": "Willelmina",
    "LastName": "Freitas",
    "Email": "willelmina.freitas@example.com",
    "SourceId": 1
  },
  {
    "FirstName": "Samu",
    "LastName": "Arola",
    "Email": "samu.arola@example.com",
    "SourceId": 1
  },
  {
    "FirstName": "Blagoje",
    "LastName": "Sre\u0107kovi\u0107",
    "Email": "blagoje.sreckovic@example.com",
    "SourceId": 1
  },
  {
    "FirstName": "Jennifer",
    "LastName": "Rice",
    "Email": "jennifer.rice@example.com",
    "SourceId": 1
  },
  {
    "FirstName": "Gregory",
    "LastName": "Hawkins",
    "Email": "gregory.hawkins@example.com",
    "SourceId": 1
  },
  {
    "FirstName": "Sandra",
    "LastName": "Mercier",
    "Email": "sandra.mercier@example.com",
    "SourceId": 1
  },
  {
    "FirstName": "Josep",
    "LastName": "Dom\u00EDnguez",
    "Email": "josep.dominguez@example.com",
    "SourceId": 1
  },
  {
    "FirstName": "Marie",
    "LastName": "Lemaire",
    "Email": "marie.lemaire@example.com",
    "SourceId": 1
  },
  {
    "FirstName": "Arani",
    "LastName": "Alves",
    "Email": "arani.alves@example.com",
    "SourceId": 1
  },
  {
    "FirstName": "Emy",
    "LastName": "Mathieu",
    "Email": "emy.mathieu@example.com",
    "SourceId": 1
  },
  {
    "FirstName": "Florian",
    "LastName": "Picard",
    "Email": "florian.picard@example.com",
    "SourceId": 1
  },
  {
    "FirstName": "Marcos",
    "LastName": "Ram\u00EDrez",
    "Email": "marcos.ramirez@example.com",
    "SourceId": 1
  },
  {
    "FirstName": "Layla",
    "LastName": "Jackson",
    "Email": "layla.jackson@example.com",
    "SourceId": 1
  },
  {
    "FirstName": "Est\u00E9ban",
    "LastName": "Roger",
    "Email": "esteban.roger@example.com",
    "SourceId": 1
  },
  {
    "FirstName": "Dragojlo",
    "LastName": "Vuksanovi\u0107",
    "Email": "dragojlo.vuksanovic@example.com",
    "SourceId": 1
  },
  {
    "FirstName": "Olivia",
    "LastName": "Robin",
    "Email": "olivia.robin@example.com",
    "SourceId": 1
  },
  {
    "FirstName": "Na\u00EBl",
    "LastName": "Jean",
    "Email": "nael.jean@example.com",
    "SourceId": 1
  },
  {
    "FirstName": "Nikolaj",
    "LastName": "Mortensen",
    "Email": "nikolaj.mortensen@example.com",
    "SourceId": 1
  },
  {
    "FirstName": "Rodion",
    "LastName": "Naumec",
    "Email": "rodion.naumec@example.com",
    "SourceId": 1
  },
  {
    "FirstName": "Alexander",
    "LastName": "Le\u00F3n",
    "Email": "alexander.leon@example.com",
    "SourceId": 1
  },
  {
    "FirstName": "Lily",
    "LastName": "Willis",
    "Email": "lily.willis@example.com",
    "SourceId": 1
  },
  {
    "FirstName": "\u0639\u0633\u0644",
    "LastName": "\u0635\u062F\u0631",
    "Email": "aasl.sdr@example.com",
    "SourceId": 1
  },
  {
    "FirstName": "Yolanda",
    "LastName": "Fleming",
    "Email": "yolanda.fleming@example.com",
    "SourceId": 1
  },
  {
    "FirstName": "Victoria",
    "LastName": "Andersen",
    "Email": "victoria.andersen@example.com",
    "SourceId": 1
  },
  {
    "FirstName": "Mia",
    "LastName": "Harris",
    "Email": "mia.harris@example.com",
    "SourceId": 1
  },
  {
    "FirstName": "Maria",
    "LastName": "Madsen",
    "Email": "maria.madsen@example.com",
    "SourceId": 1
  },
  {
    "FirstName": "\u0645\u062D\u0645\u062F\u067E\u0627\u0631\u0633\u0627",
    "LastName": "\u0633\u0627\u0644\u0627\u0631\u06CC",
    "Email": "mhmdprs.slry@example.com",
    "SourceId": 1
  },
  {
    "FirstName": "Nisha",
    "LastName": "Kamath",
    "Email": "nisha.kamath@example.com",
    "SourceId": 1
  },
  {
    "FirstName": "Kaitlin",
    "LastName": "Mcdonalid",
    "Email": "kaitlin.mcdonalid@example.com",
    "SourceId": 1
  },
  {
    "FirstName": "Malone",
    "LastName": "Guerin",
    "Email": "malone.guerin@example.com",
    "SourceId": 1
  },
  {
    "FirstName": "Ali",
    "LastName": "Ayka\u00E7",
    "Email": "ali.aykac@example.com",
    "SourceId": 1
  },
  {
    "FirstName": "Mandy",
    "LastName": "Hayes",
    "Email": "mandy.hayes@example.com",
    "SourceId": 1
  },
  {
    "FirstName": "Isa",
    "LastName": "Haveman",
    "Email": "isa.haveman@example.com",
    "SourceId": 1
  },
  {
    "FirstName": "Ana\u00EBlle",
    "LastName": "Martin",
    "Email": "anaelle.martin@example.com",
    "SourceId": 1
  },
  {
    "FirstName": "Helen",
    "LastName": "J\u00E4ckel",
    "Email": "helen.jackel@example.com",
    "SourceId": 1
  },
  {
    "FirstName": "Ulrikke",
    "LastName": "Tysnes",
    "Email": "ulrikke.tysnes@example.com",
    "SourceId": 1
  },
  {
    "FirstName": "Zander",
    "LastName": "Soto",
    "Email": "zander.soto@example.com",
    "SourceId": 1
  },
  {
    "FirstName": "Stoymir",
    "LastName": "Filippenko",
    "Email": "stoymir.filippenko@example.com",
    "SourceId": 1
  },
  {
    "FirstName": "Meinrad",
    "LastName": "Michel",
    "Email": "meinrad.michel@example.com",
    "SourceId": 1
  },
  {
    "FirstName": "Asuman",
    "LastName": "Snelleman",
    "Email": "asuman.snelleman@example.com",
    "SourceId": 1
  },
  {
    "FirstName": "Pramitha",
    "LastName": "Prabhu",
    "Email": "pramitha.prabhu@example.com",
    "SourceId": 1
  },
  {
    "FirstName": "Leona",
    "LastName": "Chambers",
    "Email": "leona.chambers@example.com",
    "SourceId": 1
  },
  {
    "FirstName": "Alan",
    "LastName": "Owens",
    "Email": "alan.owens@example.com",
    "SourceId": 1
  },
  {
    "FirstName": "Sarah",
    "LastName": "Austin",
    "Email": "sarah.austin@example.com",
    "SourceId": 1
  },
  {
    "FirstName": "Max",
    "LastName": "Cox",
    "Email": "max.cox@example.com",
    "SourceId": 1
  },
  {
    "FirstName": "Gema",
    "LastName": "P\u00E9rez",
    "Email": "gema.perez@example.com",
    "SourceId": 1
  },
  {
    "FirstName": "Dolores",
    "LastName": "Duran",
    "Email": "dolores.duran@example.com",
    "SourceId": 1
  },
  {
    "FirstName": "Andrea",
    "LastName": "Herrera",
    "Email": "andrea.herrera@example.com",
    "SourceId": 1
  },
  {
    "FirstName": "Korbinian",
    "LastName": "Kirch",
    "Email": "korbinian.kirch@example.com",
    "SourceId": 1
  },
  {
    "FirstName": "\u0646\u064A\u0645\u0627",
    "LastName": "\u0635\u062F\u0631",
    "Email": "nym.sdr@example.com",
    "SourceId": 1
  },
  {
    "FirstName": "Buse",
    "LastName": "Ayka\u00E7",
    "Email": "buse.aykac@example.com",
    "SourceId": 1
  },
  {
    "FirstName": "Tracy",
    "LastName": "Collins",
    "Email": "tracy.collins@example.com",
    "SourceId": 1
  },
  {
    "FirstName": "Gordodum",
    "LastName": "Kalenichenko",
    "Email": "gordodum.kalenichenko@example.com",
    "SourceId": 1
  },
  {
    "FirstName": "Joshua",
    "LastName": "Lowe",
    "Email": "joshua.lowe@example.com",
    "SourceId": 1
  },
  {
    "FirstName": "Ciara",
    "LastName": "Veltman",
    "Email": "ciara.veltman@example.com",
    "SourceId": 1
  },
  {
    "FirstName": "Chiara",
    "LastName": "Da Silva",
    "Email": "chiara.dasilva@example.com",
    "SourceId": 1
  },
  {
    "FirstName": "Torstein",
    "LastName": "Skj\u00F8restad",
    "Email": "torstein.skjorestad@example.com",
    "SourceId": 1
  },
  {
    "FirstName": "Kazimira",
    "LastName": "Zhuchenko",
    "Email": "kazimira.zhuchenko@example.com",
    "SourceId": 1
  },
  {
    "FirstName": "Louise",
    "LastName": "Schmitt",
    "Email": "louise.schmitt@example.com",
    "SourceId": 1
  },
  {
    "FirstName": "Fatih",
    "LastName": "Orbay",
    "Email": "fatih.orbay@example.com",
    "SourceId": 1
  },
  {
    "FirstName": "Ofelia",
    "LastName": "Fajardo",
    "Email": "ofelia.fajardo@example.com",
    "SourceId": 1
  },
  {
    "FirstName": "Julia",
    "LastName": "Williams",
    "Email": "julia.williams@example.com",
    "SourceId": 1
  },
  {
    "FirstName": "Gilbert",
    "LastName": "Franklin",
    "Email": "gilbert.franklin@example.com",
    "SourceId": 1
  },
  {
    "FirstName": "Drago",
    "LastName": "\u010Cabarkapa",
    "Email": "drago.cabarkapa@example.com",
    "SourceId": 1
  },
  {
    "FirstName": "Leah",
    "LastName": "Emblem",
    "Email": "leah.emblem@example.com",
    "SourceId": 1
  },
  {
    "FirstName": "\u0627\u062D\u0633\u0627\u0646",
    "LastName": "\u067E\u0627\u0631\u0633\u0627",
    "Email": "hsn.prs@example.com",
    "SourceId": 1
  },
  {
    "FirstName": "Eleanor",
    "LastName": "Burke",
    "Email": "eleanor.burke@example.com",
    "SourceId": 1
  },
  {
    "FirstName": "Kaya",
    "LastName": "Kulaks\u0131zo\u011Flu",
    "Email": "kaya.kulaksizoglu@example.com",
    "SourceId": 1
  },
  {
    "FirstName": "Jacqueline",
    "LastName": "Chambers",
    "Email": "jacqueline.chambers@example.com",
    "SourceId": 1
  },
  {
    "FirstName": "Ray",
    "LastName": "Collins",
    "Email": "ray.collins@example.com",
    "SourceId": 1
  },
  {
    "FirstName": "Izzie",
    "LastName": "Fletcher",
    "Email": "izzie.fletcher@example.com",
    "SourceId": 1
  },
  {
    "FirstName": "Bettina",
    "LastName": "Boyer",
    "Email": "bettina.boyer@example.com",
    "SourceId": 1
  },
  {
    "FirstName": "Tommy",
    "LastName": "Steeves ",
    "Email": "tommy.steeves@example.com",
    "SourceId": 1
  },
  {
    "FirstName": "Alonso",
    "LastName": "Maestas",
    "Email": "alonso.maestas@example.com",
    "SourceId": 1
  },
  {
    "FirstName": "Lucien",
    "LastName": "Blanchard",
    "Email": "lucien.blanchard@example.com",
    "SourceId": 1
  },
  {
    "FirstName": "Ma\u00EBlle",
    "LastName": "Riviere",
    "Email": "maelle.riviere@example.com",
    "SourceId": 1
  },
  {
    "FirstName": "Eise",
    "LastName": "Davids",
    "Email": "eise.davids@example.com",
    "SourceId": 1
  },
  {
    "FirstName": "Carol",
    "LastName": "Bell",
    "Email": "carol.bell@example.com",
    "SourceId": 1
  },
  {
    "FirstName": "Esma",
    "LastName": "Ayverdi",
    "Email": "esma.ayverdi@example.com",
    "SourceId": 1
  },
  {
    "FirstName": "Roope",
    "LastName": "Tanner",
    "Email": "roope.tanner@example.com",
    "SourceId": 1
  },
  {
    "FirstName": "Precious",
    "LastName": "Doorten",
    "Email": "precious.doorten@example.com",
    "SourceId": 1
  },
  {
    "FirstName": "\u06A9\u0648\u0631\u0648\u0634",
    "LastName": "\u0645\u062D\u0645\u062F\u062E\u0627\u0646",
    "Email": "khwrwsh.mhmdkhn@example.com",
    "SourceId": 1
  },
  {
    "FirstName": "Ratibor",
    "LastName": "Telenko",
    "Email": "ratibor.telenko@example.com",
    "SourceId": 1
  },
  {
    "FirstName": "Alexandra",
    "LastName": "Howard",
    "Email": "alexandra.howard@example.com",
    "SourceId": 1
  },
  {
    "FirstName": "Jennifer",
    "LastName": "Hawkins",
    "Email": "jennifer.hawkins@example.com",
    "SourceId": 1
  },
  {
    "FirstName": "Rachel",
    "LastName": "Lane",
    "Email": "rachel.lane@example.com",
    "SourceId": 1
  },
  {
    "FirstName": "Jos\u00E9 Emilio",
    "LastName": "Carbajal",
    "Email": "joseemilio.carbajal@example.com",
    "SourceId": 1
  },
  {
    "FirstName": "Jagat",
    "LastName": "Bhardwaj",
    "Email": "jagat.bhardwaj@example.com",
    "SourceId": 1
  },
  {
    "FirstName": "Milena",
    "LastName": "\u017Divanovi\u0107",
    "Email": "milena.zivanovic@example.com",
    "SourceId": 1
  },
  {
    "FirstName": "Milla",
    "LastName": "Sakala",
    "Email": "milla.sakala@example.com",
    "SourceId": 1
  },
  {
    "FirstName": "August",
    "LastName": "Kristensen",
    "Email": "august.kristensen@example.com",
    "SourceId": 1
  },
  {
    "FirstName": "Mark",
    "LastName": "Porter",
    "Email": "mark.porter@example.com",
    "SourceId": 1
  },
  {
    "FirstName": "Isauro",
    "LastName": "Martins",
    "Email": "isauro.martins@example.com",
    "SourceId": 1
  },
  {
    "FirstName": "\u0633\u0647\u06CC\u0644",
    "LastName": "\u06A9\u0627\u0645\u0631\u0648\u0627",
    "Email": "shyl.khmrw@example.com",
    "SourceId": 1
  },
  {
    "FirstName": "Charlie",
    "LastName": "Fitzpatrick",
    "Email": "charlie.fitzpatrick@example.com",
    "SourceId": 1
  },
  {
    "FirstName": "Zeki",
    "LastName": "Gruber",
    "Email": "zeki.gruber@example.com",
    "SourceId": 1
  },
  {
    "FirstName": "Susan",
    "LastName": "Shaw",
    "Email": "susan.shaw@example.com",
    "SourceId": 1
  },
  {
    "FirstName": "Zoe",
    "LastName": "Wright",
    "Email": "zoe.wright@example.com",
    "SourceId": 1
  },
  {
    "FirstName": "Aada",
    "LastName": "Leppo",
    "Email": "aada.leppo@example.com",
    "SourceId": 1
  },
  {
    "FirstName": "Derrick",
    "LastName": "Reed",
    "Email": "derrick.reed@example.com",
    "SourceId": 1
  },
  {
    "FirstName": "Emma",
    "LastName": "Niskanen",
    "Email": "emma.niskanen@example.com",
    "SourceId": 1
  },
  {
    "FirstName": "Astri",
    "LastName": "Hussein",
    "Email": "astri.hussein@example.com",
    "SourceId": 1
  },
  {
    "FirstName": "Eugenia",
    "LastName": "Romero",
    "Email": "eugenia.romero@example.com",
    "SourceId": 1
  },
  {
    "FirstName": "Sohan",
    "LastName": "Lemaire",
    "Email": "sohan.lemaire@example.com",
    "SourceId": 1
  },
  {
    "FirstName": "\u0645\u06CC\u0644\u0627\u062F",
    "LastName": "\u0631\u0636\u0627\u06CC\u06CC",
    "Email": "myld.rdyy@example.com",
    "SourceId": 1
  },
  {
    "FirstName": "Jacob",
    "LastName": "Rivera",
    "Email": "jacob.rivera@example.com",
    "SourceId": 1
  },
  {
    "FirstName": "Brennan",
    "LastName": "Lowe",
    "Email": "brennan.lowe@example.com",
    "SourceId": 1
  },
  {
    "FirstName": "Jim",
    "LastName": "Day",
    "Email": "jim.day@example.com",
    "SourceId": 1
  },
  {
    "FirstName": "Olivia",
    "LastName": "Joly",
    "Email": "olivia.joly@example.com",
    "SourceId": 1
  },
  {
    "FirstName": "Greg\u00F3rio",
    "LastName": "da Concei\u00E7\u00E3o",
    "Email": "gregorio.daconceicao@example.com",
    "SourceId": 1
  },
  {
    "FirstName": "Line",
    "LastName": "Louis",
    "Email": "line.louis@example.com",
    "SourceId": 1
  },
  {
    "FirstName": "Pablo",
    "LastName": "Galindo",
    "Email": "pablo.galindo@example.com",
    "SourceId": 1
  },
  {
    "FirstName": "Elaine",
    "LastName": "Freeman",
    "Email": "elaine.freeman@example.com",
    "SourceId": 1
  },
  {
    "FirstName": "Dragica",
    "LastName": "\u0160otra",
    "Email": "dragica.sotra@example.com",
    "SourceId": 1
  },
  {
    "FirstName": "Ira",
    "LastName": "Buss",
    "Email": "ira.buss@example.com",
    "SourceId": 1
  },
  {
    "FirstName": "Nina",
    "LastName": "Midtb\u00F8",
    "Email": "nina.midtbo@example.com",
    "SourceId": 1
  },
  {
    "FirstName": "Clarence",
    "LastName": "Hall",
    "Email": "clarence.hall@example.com",
    "SourceId": 1
  },
  {
    "FirstName": "Erin",
    "LastName": "Barnett",
    "Email": "erin.barnett@example.com",
    "SourceId": 1
  },
  {
    "FirstName": "Joseph",
    "LastName": "Sullad",
    "Email": "joseph.sullad@example.com",
    "SourceId": 1
  },
  {
    "FirstName": "Noah",
    "LastName": "Pelletier",
    "Email": "noah.pelletier@example.com",
    "SourceId": 1
  },
  {
    "FirstName": "Ronalina",
    "LastName": "Bocyurkiv",
    "Email": "ronalina.bocyurkiv@example.com",
    "SourceId": 1
  },
  {
    "FirstName": "Thomas",
    "LastName": "Young",
    "Email": "thomas.young@example.com",
    "SourceId": 1
  },
  {
    "FirstName": "Martin",
    "LastName": "Rolland",
    "Email": "martin.rolland@example.com",
    "SourceId": 1
  },
  {
    "FirstName": "Jimmy",
    "LastName": "Griffin",
    "Email": "jimmy.griffin@example.com",
    "SourceId": 1
  },
  {
    "FirstName": "Dylan",
    "LastName": "Fortin",
    "Email": "dylan.fortin@example.com",
    "SourceId": 1
  },
  {
    "FirstName": "Fride",
    "LastName": "Gregersen",
    "Email": "fride.gregersen@example.com",
    "SourceId": 1
  },
  {
    "FirstName": "Lance",
    "LastName": "Porter",
    "Email": "lance.porter@example.com",
    "SourceId": 1
  },
  {
    "FirstName": "Maxime",
    "LastName": "Brown",
    "Email": "maxime.brown@example.com",
    "SourceId": 1
  },
  {
    "FirstName": "Wesley",
    "LastName": "Perez",
    "Email": "wesley.perez@example.com",
    "SourceId": 1
  },
  {
    "FirstName": "Dani\u00E8le",
    "LastName": "Meunier",
    "Email": "daniele.meunier@example.com",
    "SourceId": 1
  },
  {
    "FirstName": "Raul",
    "LastName": "Hunt",
    "Email": "raul.hunt@example.com",
    "SourceId": 1
  },
  {
    "FirstName": "Mar\u00EDa Cristina",
    "LastName": "Ur\u00EDas",
    "Email": "mariacristina.urias@example.com",
    "SourceId": 1
  },
  {
    "FirstName": "Ivonne",
    "LastName": "Arias",
    "Email": "ivonne.arias@example.com",
    "SourceId": 1
  },
  {
    "FirstName": "Tessa",
    "LastName": "Marchand",
    "Email": "tessa.marchand@example.com",
    "SourceId": 1
  },
  {
    "FirstName": "Ava",
    "LastName": "Simon",
    "Email": "ava.simon@example.com",
    "SourceId": 1
  },
  {
    "FirstName": "Malthe",
    "LastName": "Andersen",
    "Email": "malthe.andersen@example.com",
    "SourceId": 1
  },
  {
    "FirstName": "Beatrice",
    "LastName": "Ouellet",
    "Email": "beatrice.ouellet@example.com",
    "SourceId": 1
  },
  {
    "FirstName": "Velichar",
    "LastName": "Derev\u0027yanko",
    "Email": "velichar.derev\u0027yanko@example.com",
    "SourceId": 1
  },
  {
    "FirstName": "Charan",
    "LastName": "Shayana",
    "Email": "charan.shayana@example.com",
    "SourceId": 1
  },
  {
    "FirstName": "Emmi",
    "LastName": "Lundby",
    "Email": "emmi.lundby@example.com",
    "SourceId": 1
  },
  {
    "FirstName": "Lee",
    "LastName": "Hicks",
    "Email": "lee.hicks@example.com",
    "SourceId": 1
  },
  {
    "FirstName": "Johanne",
    "LastName": "Christiansen",
    "Email": "johanne.christiansen@example.com",
    "SourceId": 1
  },
  {
    "FirstName": "Alexander",
    "LastName": "S\u00E1ez",
    "Email": "alexander.saez@example.com",
    "SourceId": 1
  },
  {
    "FirstName": "Paige",
    "LastName": "Allen",
    "Email": "paige.allen@example.com",
    "SourceId": 1
  },
  {
    "FirstName": "No\u00EBlle",
    "LastName": "Philippe",
    "Email": "noelle.philippe@example.com",
    "SourceId": 1
  },
  {
    "FirstName": "Mustafa",
    "LastName": "\u00C7a\u011F\u0131ran",
    "Email": "mustafa.cagiran@example.com",
    "SourceId": 1
  },
  {
    "FirstName": "Apol\u00F3nio",
    "LastName": "Ferreira",
    "Email": "apolonio.ferreira@example.com",
    "SourceId": 1
  },
  {
    "FirstName": "Leana",
    "LastName": "Lecomte",
    "Email": "leana.lecomte@example.com",
    "SourceId": 1
  },
  {
    "FirstName": "Beg\u00FCm",
    "LastName": "Okur",
    "Email": "begum.okur@example.com",
    "SourceId": 1
  },
  {
    "FirstName": "Jamie",
    "LastName": "Nguyen",
    "Email": "jamie.nguyen@example.com",
    "SourceId": 1
  },
  {
    "FirstName": "Charly",
    "LastName": "Fournier",
    "Email": "charly.fournier@example.com",
    "SourceId": 1
  },
  {
    "FirstName": "Daksh",
    "LastName": "Salian",
    "Email": "daksh.salian@example.com",
    "SourceId": 1
  },
  {
    "FirstName": "Girindra",
    "LastName": "Uchil",
    "Email": "girindra.uchil@example.com",
    "SourceId": 1
  },
  {
    "FirstName": "Aksel",
    "LastName": "Enoksen",
    "Email": "aksel.enoksen@example.com",
    "SourceId": 1
  },
  {
    "FirstName": "Magnus",
    "LastName": "\u00D8ien",
    "Email": "magnus.oien@example.com",
    "SourceId": 1
  },
  {
    "FirstName": "Estella",
    "LastName": "Van de Kuilen",
    "Email": "estella.vandekuilen@example.com",
    "SourceId": 1
  },
  {
    "FirstName": "Eden",
    "LastName": "Smith",
    "Email": "eden.smith@example.com",
    "SourceId": 1
  },
  {
    "FirstName": "\u0627\u0645\u064A\u0631\u0645\u062D\u0645\u062F",
    "LastName": "\u0633\u0644\u0637\u0627\u0646\u06CC \u0646\u0698\u0627\u062F",
    "Email": "myrmhmd.sltnynjd@example.com",
    "SourceId": 1
  },
  {
    "FirstName": "Ken",
    "LastName": "Fisher",
    "Email": "ken.fisher@example.com",
    "SourceId": 1
  },
  {
    "FirstName": "Henry",
    "LastName": "Kumar",
    "Email": "henry.kumar@example.com",
    "SourceId": 1
  },
  {
    "FirstName": "Dominic",
    "LastName": "Smith",
    "Email": "dominic.smith@example.com",
    "SourceId": 1
  },
  {
    "FirstName": "\u0628\u0646\u06CC\u0627\u0645\u06CC\u0646",
    "LastName": "\u06A9\u0648\u062A\u06CC",
    "Email": "bnymyn.khwty@example.com",
    "SourceId": 1
  },
  {
    "FirstName": "Zo\u00E9",
    "LastName": "Sterrenburg",
    "Email": "zoe.sterrenburg@example.com",
    "SourceId": 1
  },
  {
    "FirstName": "Sebastian",
    "LastName": "Roberts",
    "Email": "sebastian.roberts@example.com",
    "SourceId": 1
  },
  {
    "FirstName": "\u00DCmit",
    "LastName": "Abac\u0131",
    "Email": "umit.abaci@example.com",
    "SourceId": 1
  },
  {
    "FirstName": "Maja",
    "LastName": "Johansen",
    "Email": "maja.johansen@example.com",
    "SourceId": 1
  },
  {
    "FirstName": "Ceylan",
    "LastName": "Aky\u00FCrek",
    "Email": "ceylan.akyurek@example.com",
    "SourceId": 1
  },
  {
    "FirstName": "Oliviya",
    "LastName": "Shandruk",
    "Email": "oliviya.shandruk@example.com",
    "SourceId": 1
  },
  {
    "FirstName": "Vitaliya",
    "LastName": "Pavlovich",
    "Email": "vitaliya.pavlovich@example.com",
    "SourceId": 1
  },
  {
    "FirstName": "Hjalmar",
    "LastName": "Rognes",
    "Email": "hjalmar.rognes@example.com",
    "SourceId": 1
  },
  {
    "FirstName": "Saisha",
    "LastName": "Belligatti",
    "Email": "saisha.belligatti@example.com",
    "SourceId": 1
  },
  {
    "FirstName": "Gavin",
    "LastName": "Cruz",
    "Email": "gavin.cruz@example.com",
    "SourceId": 1
  },
  {
    "FirstName": "Johannes",
    "LastName": "Nelson",
    "Email": "johannes.nelson@example.com",
    "SourceId": 1
  },
  {
    "FirstName": "Alizee",
    "LastName": "Adam",
    "Email": "alizee.adam@example.com",
    "SourceId": 1
  },
  {
    "FirstName": "Ronja",
    "LastName": "Dalland",
    "Email": "ronja.dalland@example.com",
    "SourceId": 1
  },
  {
    "FirstName": "Layla",
    "LastName": "Patel",
    "Email": "layla.patel@example.com",
    "SourceId": 1
  },
  {
    "FirstName": "Daniel",
    "LastName": "Smith",
    "Email": "daniel.smith@example.com",
    "SourceId": 1
  },
  {
    "FirstName": "Sergio",
    "LastName": "Umbach",
    "Email": "sergio.umbach@example.com",
    "SourceId": 1
  },
  {
    "FirstName": "Lina",
    "LastName": "Lefevre",
    "Email": "lina.lefevre@example.com",
    "SourceId": 1
  },
  {
    "FirstName": "\u0628\u0627\u0631\u0627\u0646",
    "LastName": "\u06A9\u0627\u0645\u0631\u0648\u0627",
    "Email": "brn.khmrw@example.com",
    "SourceId": 1
  },
  {
    "FirstName": "Maiken",
    "LastName": "Nodeland",
    "Email": "maiken.nodeland@example.com",
    "SourceId": 1
  },
  {
    "FirstName": "Harrison",
    "LastName": "Meilink",
    "Email": "harrison.meilink@example.com",
    "SourceId": 1
  },
  {
    "FirstName": "Vselyub",
    "LastName": "Malanchuk",
    "Email": "vselyub.malanchuk@example.com",
    "SourceId": 1
  },
  {
    "FirstName": "\u067E\u0627\u0631\u0633\u0627",
    "LastName": "\u0633\u0627\u0644\u0627\u0631\u06CC",
    "Email": "prs.slry@example.com",
    "SourceId": 1
  },
  {
    "FirstName": "Sanna",
    "LastName": "Tang",
    "Email": "sanna.tang@example.com",
    "SourceId": 1
  },
  {
    "FirstName": "J\u00F3ni",
    "LastName": "Nascimento",
    "Email": "joni.nascimento@example.com",
    "SourceId": 1
  },
  {
    "FirstName": "Gayina",
    "LastName": "Priveda",
    "Email": "gayina.priveda@example.com",
    "SourceId": 1
  },
  {
    "FirstName": "Samuel",
    "LastName": "Chan",
    "Email": "samuel.chan@example.com",
    "SourceId": 1
  },
  {
    "FirstName": "Sandra",
    "LastName": "Villareal",
    "Email": "sandra.villareal@example.com",
    "SourceId": 1
  },
  {
    "FirstName": "Josefine",
    "LastName": "Pedersen",
    "Email": "josefine.pedersen@example.com",
    "SourceId": 1
  },
  {
    "FirstName": "Dhanashri",
    "LastName": "Das",
    "Email": "dhanashri.das@example.com",
    "SourceId": 1
  },
  {
    "FirstName": "Sergio",
    "LastName": "Soto",
    "Email": "sergio.soto@example.com",
    "SourceId": 1
  },
  {
    "FirstName": "Eugenia",
    "LastName": "Romero",
    "Email": "eugenia.romero@example.com",
    "SourceId": 1
  },
  {
    "FirstName": "Adri\u00E1n",
    "LastName": "Pascual",
    "Email": "adrian.pascual@example.com",
    "SourceId": 1
  },
  {
    "FirstName": "Elsa",
    "LastName": "Manni",
    "Email": "elsa.manni@example.com",
    "SourceId": 1
  },
  {
    "FirstName": "Jessie",
    "LastName": "Nelson",
    "Email": "jessie.nelson@example.com",
    "SourceId": 1
  },
  {
    "FirstName": "Celia",
    "LastName": "Pedraza",
    "Email": "celia.pedraza@example.com",
    "SourceId": 1
  },
  {
    "FirstName": "Juan",
    "LastName": "Fox",
    "Email": "juan.fox@example.com",
    "SourceId": 1
  },
  {
    "FirstName": "Meinrad",
    "LastName": "Freytag",
    "Email": "meinrad.freytag@example.com",
    "SourceId": 1
  },
  {
    "FirstName": "Johnni",
    "LastName": "Martinez",
    "Email": "johnni.martinez@example.com",
    "SourceId": 1
  },
  {
    "FirstName": "Tristan",
    "LastName": "Jensen",
    "Email": "tristan.jensen@example.com",
    "SourceId": 1
  },
  {
    "FirstName": "Bertha",
    "LastName": "Mitchell",
    "Email": "bertha.mitchell@example.com",
    "SourceId": 1
  },
  {
    "FirstName": "Flenn",
    "LastName": "May",
    "Email": "flenn.may@example.com",
    "SourceId": 1
  },
  {
    "FirstName": "Angel",
    "LastName": "Taylor",
    "Email": "angel.taylor@example.com",
    "SourceId": 1
  },
  {
    "FirstName": "\u0633\u0627\u0631\u06CC\u0646\u0627",
    "LastName": "\u06A9\u0648\u062A\u06CC",
    "Email": "sryn.khwty@example.com",
    "SourceId": 1
  },
  {
    "FirstName": "Otto",
    "LastName": "Heikkila",
    "Email": "otto.heikkila@example.com",
    "SourceId": 1
  },
  {
    "FirstName": "Pippa",
    "LastName": "Taylor",
    "Email": "pippa.taylor@example.com",
    "SourceId": 1
  },
  {
    "FirstName": "Emily",
    "LastName": "Johansen",
    "Email": "emily.johansen@example.com",
    "SourceId": 1
  },
  {
    "FirstName": "Savannah",
    "LastName": "Carlson",
    "Email": "savannah.carlson@example.com",
    "SourceId": 1
  },
  {
    "FirstName": "Tib\u00E9rio",
    "LastName": "da Concei\u00E7\u00E3o",
    "Email": "tiberio.daconceicao@example.com",
    "SourceId": 1
  },
  {
    "FirstName": "Zhivorid",
    "LastName": "Povstyaniy",
    "Email": "zhivorid.povstyaniy@example.com",
    "SourceId": 1
  },
  {
    "FirstName": "Mauro",
    "LastName": "Mireles",
    "Email": "mauro.mireles@example.com",
    "SourceId": 1
  },
  {
    "FirstName": "Mocinha",
    "LastName": "Duarte",
    "Email": "mocinha.duarte@example.com",
    "SourceId": 1
  },
  {
    "FirstName": "Ryder",
    "LastName": "Zhang",
    "Email": "ryder.zhang@example.com",
    "SourceId": 1
  },
  {
    "FirstName": "Damasceno",
    "LastName": "Pinto",
    "Email": "damasceno.pinto@example.com",
    "SourceId": 1
  },
  {
    "FirstName": "Jesus",
    "LastName": "Payne",
    "Email": "jesus.payne@example.com",
    "SourceId": 1
  },
  {
    "FirstName": "Bryan",
    "LastName": "Newman",
    "Email": "bryan.newman@example.com",
    "SourceId": 1
  },
  {
    "FirstName": "Siiri",
    "LastName": "Jarvinen",
    "Email": "siiri.jarvinen@example.com",
    "SourceId": 1
  },
  {
    "FirstName": "Shambhavi",
    "LastName": "Moolya",
    "Email": "shambhavi.moolya@example.com",
    "SourceId": 1
  },
  {
    "FirstName": "Emily",
    "LastName": "Noel",
    "Email": "emily.noel@example.com",
    "SourceId": 1
  },
  {
    "FirstName": "Aminda",
    "LastName": "Sj\u00F8blom",
    "Email": "aminda.sjoblom@example.com",
    "SourceId": 1
  },
  {
    "FirstName": "Silva",
    "LastName": "Behrends",
    "Email": "silva.behrends@example.com",
    "SourceId": 1
  },
  {
    "FirstName": "Rosalyn",
    "LastName": "Mason",
    "Email": "rosalyn.mason@example.com",
    "SourceId": 1
  },
  {
    "FirstName": "Karin",
    "LastName": "Kringstad",
    "Email": "karin.kringstad@example.com",
    "SourceId": 1
  },
  {
    "FirstName": "Louise",
    "LastName": "Johnson",
    "Email": "louise.johnson@example.com",
    "SourceId": 1
  },
  {
    "FirstName": "Serena",
    "LastName": "Dumont",
    "Email": "serena.dumont@example.com",
    "SourceId": 1
  },
  {
    "FirstName": "Ljubica",
    "LastName": "Mladenovi\u0107",
    "Email": "ljubica.mladenovic@example.com",
    "SourceId": 1
  },
  {
    "FirstName": "Rodoljub",
    "LastName": "Doki\u0107",
    "Email": "rodoljub.dokic@example.com",
    "SourceId": 1
  },
  {
    "FirstName": "Roksolana",
    "LastName": "Apostol",
    "Email": "roksolana.apostol@example.com",
    "SourceId": 1
  },
  {
    "FirstName": "\u0639\u0644\u06CC \u0631\u0636\u0627",
    "LastName": "\u06CC\u0627\u0633\u0645\u06CC",
    "Email": "aalyrd.ysmy@example.com",
    "SourceId": 1
  },
  {
    "FirstName": "Shreya",
    "LastName": "Dsouza",
    "Email": "shreya.dsouza@example.com",
    "SourceId": 1
  },
  {
    "FirstName": "No\u00E9mie",
    "LastName": "Lavigne",
    "Email": "noemie.lavigne@example.com",
    "SourceId": 1
  },
  {
    "FirstName": "Anupama",
    "LastName": "Nair",
    "Email": "anupama.nair@example.com",
    "SourceId": 1
  },
  {
    "FirstName": "Silas",
    "LastName": "Olsen",
    "Email": "silas.olsen@example.com",
    "SourceId": 1
  },
  {
    "FirstName": "Freyja",
    "LastName": "\u00D8ksendal",
    "Email": "freyja.oksendal@example.com",
    "SourceId": 1
  },
  {
    "FirstName": "Wendie",
    "LastName": "Diederen",
    "Email": "wendie.diederen@example.com",
    "SourceId": 1
  },
  {
    "FirstName": "Lene",
    "LastName": "Kaasa",
    "Email": "lene.kaasa@example.com",
    "SourceId": 1
  },
  {
    "FirstName": "Bill",
    "LastName": "Romero",
    "Email": "bill.romero@example.com",
    "SourceId": 1
  },
  {
    "FirstName": "Harley",
    "LastName": "Wang",
    "Email": "harley.wang@example.com",
    "SourceId": 1
  },
  {
    "FirstName": "Bently",
    "LastName": "Fortin",
    "Email": "bently.fortin@example.com",
    "SourceId": 1
  },
  {
    "FirstName": "Dunja",
    "LastName": "Nenezi\u0107",
    "Email": "dunja.nenezic@example.com",
    "SourceId": 1
  },
  {
    "FirstName": "Rodrigo",
    "LastName": "Guti\u00E9rrez",
    "Email": "rodrigo.gutierrez@example.com",
    "SourceId": 1
  },
  {
    "FirstName": "Elif",
    "LastName": "Roy",
    "Email": "elif.roy@example.com",
    "SourceId": 1
  },
  {
    "FirstName": "Paraskeviya",
    "LastName": "Ogonovskiy",
    "Email": "paraskeviya.ogonovskiy@example.com",
    "SourceId": 1
  },
  {
    "FirstName": "King",
    "LastName": "Van Zijderveld",
    "Email": "king.vanzijderveld@example.com",
    "SourceId": 1
  },
  {
    "FirstName": "Milivoje",
    "LastName": "Jakovljevi\u0107",
    "Email": "milivoje.jakovljevic@example.com",
    "SourceId": 1
  },
  {
    "FirstName": "Archer",
    "LastName": "Taylor",
    "Email": "archer.taylor@example.com",
    "SourceId": 1
  },
  {
    "FirstName": "Golubko",
    "LastName": "Rik",
    "Email": "golubko.rik@example.com",
    "SourceId": 1
  },
  {
    "FirstName": "Blake",
    "LastName": "Harris",
    "Email": "blake.harris@example.com",
    "SourceId": 1
  },
  {
    "FirstName": "Nicklas",
    "LastName": "Christensen",
    "Email": "nicklas.christensen@example.com",
    "SourceId": 1
  },
  {
    "FirstName": "Olive",
    "LastName": "Hughes",
    "Email": "olive.hughes@example.com",
    "SourceId": 1
  },
  {
    "FirstName": "Svitan",
    "LastName": "Vahniy",
    "Email": "svitan.vahniy@example.com",
    "SourceId": 1
  },
  {
    "FirstName": "Serge",
    "LastName": "Charles",
    "Email": "serge.charles@example.com",
    "SourceId": 1
  },
  {
    "FirstName": "Tilde",
    "LastName": "Kristensen",
    "Email": "tilde.kristensen@example.com",
    "SourceId": 1
  },
  {
    "FirstName": "Gabriel",
    "LastName": "Bergeron",
    "Email": "gabriel.bergeron@example.com",
    "SourceId": 1
  },
  {
    "FirstName": "Vilenina",
    "LastName": "Andrushchenko",
    "Email": "vilenina.andrushchenko@example.com",
    "SourceId": 1
  },
  {
    "FirstName": "Dominic",
    "LastName": "Campbell",
    "Email": "dominic.campbell@example.com",
    "SourceId": 1
  },
  {
    "FirstName": "Bernard",
    "LastName": "Garrett",
    "Email": "bernard.garrett@example.com",
    "SourceId": 1
  },
  {
    "FirstName": "Tomas",
    "LastName": "Prieto",
    "Email": "tomas.prieto@example.com",
    "SourceId": 1
  },
  {
    "FirstName": "Ahmet",
    "LastName": "Eli\u00E7in",
    "Email": "ahmet.elicin@example.com",
    "SourceId": 1
  },
  {
    "FirstName": "\u0641\u0627\u0637\u0645\u0647 \u0632\u0647\u0631\u0627",
    "LastName": "\u0635\u062F\u0631",
    "Email": "ftmhzhr.sdr@example.com",
    "SourceId": 1
  },
  {
    "FirstName": "\u0622\u0631\u06CC\u0627",
    "LastName": "\u062D\u0633\u06CC\u0646\u06CC",
    "Email": "ary.hsyny@example.com",
    "SourceId": 1
  },
  {
    "FirstName": "Amvrosiy",
    "LastName": "Holostenko",
    "Email": "amvrosiy.holostenko@example.com",
    "SourceId": 1
  },
  {
    "FirstName": "Rub\u00E9n",
    "LastName": "Paredes",
    "Email": "ruben.paredes@example.com",
    "SourceId": 1
  },
  {
    "FirstName": "Julian",
    "LastName": "Morris",
    "Email": "julian.morris@example.com",
    "SourceId": 1
  },
  {
    "FirstName": "Florence",
    "LastName": "Claire",
    "Email": "florence.claire@example.com",
    "SourceId": 1
  },
  {
    "FirstName": "Ida",
    "LastName": "Larsen",
    "Email": "ida.larsen@example.com",
    "SourceId": 1
  },
  {
    "FirstName": "Jaime",
    "LastName": "Vicente",
    "Email": "jaime.vicente@example.com",
    "SourceId": 1
  },
  {
    "FirstName": "Melany",
    "LastName": "Baar",
    "Email": "melany.baar@example.com",
    "SourceId": 1
  },
  {
    "FirstName": "Johanne",
    "LastName": "J\u00F8rgensen",
    "Email": "johanne.jorgensen@example.com",
    "SourceId": 1
  },
  {
    "FirstName": "Debra",
    "LastName": "Ray",
    "Email": "debra.ray@example.com",
    "SourceId": 1
  },
  {
    "FirstName": "Fatma",
    "LastName": "Arslano\u011Flu",
    "Email": "fatma.arslanoglu@example.com",
    "SourceId": 1
  },
  {
    "FirstName": "Kay",
    "LastName": "Denis",
    "Email": "kay.denis@example.com",
    "SourceId": 1
  },
  {
    "FirstName": "Nore",
    "LastName": "Van der Avoird",
    "Email": "nore.vanderavoird@example.com",
    "SourceId": 1
  },
  {
    "FirstName": "Rembrandt",
    "LastName": "Sibma",
    "Email": "rembrandt.sibma@example.com",
    "SourceId": 1
  },
  {
    "FirstName": "Hans-Detlef",
    "LastName": "Eibl",
    "Email": "hans-detlef.eibl@example.com",
    "SourceId": 1
  },
  {
    "FirstName": "Elea",
    "LastName": "Skjervold",
    "Email": "elea.skjervold@example.com",
    "SourceId": 1
  },
  {
    "FirstName": "Eloy",
    "LastName": "Salgado",
    "Email": "eloy.salgado@example.com",
    "SourceId": 1
  },
  {
    "FirstName": "Draginja",
    "LastName": "Rajkovi\u0107",
    "Email": "draginja.rajkovic@example.com",
    "SourceId": 1
  },
  {
    "FirstName": "Jos\u00E9 Emilio",
    "LastName": "Dom\u00EDnguez",
    "Email": "joseemilio.dominguez@example.com",
    "SourceId": 1
  },
  {
    "FirstName": "Niilo",
    "LastName": "Tuomala",
    "Email": "niilo.tuomala@example.com",
    "SourceId": 1
  },
  {
    "FirstName": "Ken",
    "LastName": "Cook",
    "Email": "ken.cook@example.com",
    "SourceId": 1
  },
  {
    "FirstName": "Nathan",
    "LastName": "Chen",
    "Email": "nathan.chen@example.com",
    "SourceId": 1
  },
  {
    "FirstName": "Corey",
    "LastName": "Castro",
    "Email": "corey.castro@example.com",
    "SourceId": 1
  },
  {
    "FirstName": "\u0627\u0644\u0646\u0627",
    "LastName": "\u0645\u062D\u0645\u062F\u062E\u0627\u0646",
    "Email": "ln.mhmdkhn@example.com",
    "SourceId": 1
  },
  {
    "FirstName": "Tobias",
    "LastName": "S\u00F8rensen",
    "Email": "tobias.sorensen@example.com",
    "SourceId": 1
  },
  {
    "FirstName": "Af\u015Far",
    "LastName": "Kunter",
    "Email": "afsar.kunter@example.com",
    "SourceId": 1
  },
  {
    "FirstName": "Felipe",
    "LastName": "Palomo",
    "Email": "felipe.palomo@example.com",
    "SourceId": 1
  },
  {
    "FirstName": "Sabine",
    "LastName": "Lippold",
    "Email": "sabine.lippold@example.com",
    "SourceId": 1
  },
  {
    "FirstName": "Kim",
    "LastName": "Mcdonalid",
    "Email": "kim.mcdonalid@example.com",
    "SourceId": 1
  },
  {
    "FirstName": "Mar\u0027yana",
    "LastName": "Yurovskiy",
    "Email": "mar\u0027yana.yurovskiy@example.com",
    "SourceId": 1
  },
  {
    "FirstName": "Esther",
    "LastName": "Iglesias",
    "Email": "esther.iglesias@example.com",
    "SourceId": 1
  },
  {
    "FirstName": "Maruta",
    "LastName": "Protasyuk",
    "Email": "maruta.protasyuk@example.com",
    "SourceId": 1
  },
  {
    "FirstName": "Ethan",
    "LastName": "Graves",
    "Email": "ethan.graves@example.com",
    "SourceId": 1
  },
  {
    "FirstName": "Asya",
    "LastName": "Shafranskiy",
    "Email": "asya.shafranskiy@example.com",
    "SourceId": 1
  },
  {
    "FirstName": "Storm",
    "LastName": "Madsen",
    "Email": "storm.madsen@example.com",
    "SourceId": 1
  },
  {
    "FirstName": "Volodimir",
    "LastName": "Sokulskiy",
    "Email": "volodimir.sokulskiy@example.com",
    "SourceId": 1
  },
  {
    "FirstName": "Mathis",
    "LastName": "Deschamps",
    "Email": "mathis.deschamps@example.com",
    "SourceId": 1
  },
  {
    "FirstName": "\u0627\u0645\u064A\u0631\u0639\u0644\u064A",
    "LastName": "\u06CC\u0627\u0633\u0645\u06CC",
    "Email": "myraaly.ysmy@example.com",
    "SourceId": 1
  },
  {
    "FirstName": "Kasper",
    "LastName": "Kristensen",
    "Email": "kasper.kristensen@example.com",
    "SourceId": 1
  },
  {
    "FirstName": "Darlene",
    "LastName": "Neal",
    "Email": "darlene.neal@example.com",
    "SourceId": 1
  },
  {
    "FirstName": "Dennis",
    "LastName": "Peters",
    "Email": "dennis.peters@example.com",
    "SourceId": 1
  },
  {
    "FirstName": "Alex",
    "LastName": "Holt",
    "Email": "alex.holt@example.com",
    "SourceId": 1
  },
  {
    "FirstName": "Alexander",
    "LastName": "Lewis",
    "Email": "alexander.lewis@example.com",
    "SourceId": 1
  },
  {
    "FirstName": "Milan",
    "LastName": "Rey",
    "Email": "milan.rey@example.com",
    "SourceId": 1
  },
  {
    "FirstName": "Jim",
    "LastName": "Lopez",
    "Email": "jim.lopez@example.com",
    "SourceId": 1
  },
  {
    "FirstName": "Alex",
    "LastName": "Freeman",
    "Email": "alex.freeman@example.com",
    "SourceId": 1
  },
  {
    "FirstName": "Josiane",
    "LastName": "Olivier",
    "Email": "josiane.olivier@example.com",
    "SourceId": 1
  },
  {
    "FirstName": "Walter",
    "LastName": "Bj\u00F8rn",
    "Email": "walter.bjorn@example.com",
    "SourceId": 1
  },
  {
    "FirstName": "Andrea",
    "LastName": "Brown",
    "Email": "andrea.brown@example.com",
    "SourceId": 1
  },
  {
    "FirstName": "Lachlan",
    "LastName": "Smith",
    "Email": "lachlan.smith@example.com",
    "SourceId": 1
  },
  {
    "FirstName": "\u0639\u0644\u06CC\u0631\u0636\u0627",
    "LastName": "\u0639\u0644\u06CC\u0632\u0627\u062F\u0647",
    "Email": "aalyrd.aalyzdh@example.com",
    "SourceId": 1
  },
  {
    "FirstName": "Benito",
    "LastName": "Alonso",
    "Email": "benito.alonso@example.com",
    "SourceId": 1
  },
  {
    "FirstName": "Ferdinando",
    "LastName": "Farias",
    "Email": "ferdinando.farias@example.com",
    "SourceId": 1
  },
  {
    "FirstName": "Luis",
    "LastName": "Ortiz",
    "Email": "luis.ortiz@example.com",
    "SourceId": 1
  },
  {
    "FirstName": "Ryan",
    "LastName": "Rajesh",
    "Email": "ryan.rajesh@example.com",
    "SourceId": 1
  },
  {
    "FirstName": "Timothee",
    "LastName": "Morel",
    "Email": "timothee.morel@example.com",
    "SourceId": 1
  },
  {
    "FirstName": "Volkan",
    "LastName": "Do\u011Fan",
    "Email": "volkan.dogan@example.com",
    "SourceId": 1
  },
  {
    "FirstName": "Clifton",
    "LastName": "Curtis",
    "Email": "clifton.curtis@example.com",
    "SourceId": 1
  },
  {
    "FirstName": "Batur",
    "LastName": "Berbero\u011Flu",
    "Email": "batur.berberoglu@example.com",
    "SourceId": 1
  },
  {
    "FirstName": "Devashree",
    "LastName": "Shayana",
    "Email": "devashree.shayana@example.com",
    "SourceId": 1
  },
  {
    "FirstName": "Deepak",
    "LastName": "Holthuijsen",
    "Email": "deepak.holthuijsen@example.com",
    "SourceId": 1
  },
  {
    "FirstName": "Marin",
    "LastName": "Fernandez",
    "Email": "marin.fernandez@example.com",
    "SourceId": 1
  },
  {
    "FirstName": "Jules",
    "LastName": "Riviere",
    "Email": "jules.riviere@example.com",
    "SourceId": 1
  },
  {
    "FirstName": "Shrishti",
    "LastName": "Bharanya",
    "Email": "shrishti.bharanya@example.com",
    "SourceId": 1
  },
  {
    "FirstName": "Hema",
    "LastName": "Banerjee",
    "Email": "hema.banerjee@example.com",
    "SourceId": 1
  },
  {
    "FirstName": "\u0631\u0648\u0646\u06CC\u06A9\u0627",
    "LastName": "\u0627\u062D\u0645\u062F\u06CC",
    "Email": "rwnykh.hmdy@example.com",
    "SourceId": 1
  },
  {
    "FirstName": "\u0622\u062F\u0631\u06CC\u0646\u0627",
    "LastName": "\u0646\u0643\u0648 \u0646\u0638\u0631",
    "Email": "adryn.nkwnzr@example.com",
    "SourceId": 1
  },
  {
    "FirstName": "Bar\u0131\u015F",
    "LastName": "Denkel",
    "Email": "baris.denkel@example.com",
    "SourceId": 1
  },
  {
    "FirstName": "\u0645\u0647\u062F\u064A",
    "LastName": "\u0635\u062F\u0631",
    "Email": "mhdy.sdr@example.com",
    "SourceId": 1
  },
  {
    "FirstName": "Patsy",
    "LastName": "Douglas",
    "Email": "patsy.douglas@example.com",
    "SourceId": 1
  },
  {
    "FirstName": "Nurdan",
    "LastName": "\u00D6zt\u00FCrk",
    "Email": "nurdan.ozturk@example.com",
    "SourceId": 1
  },
  {
    "FirstName": "\u0622\u0631\u0627\u062F",
    "LastName": "\u062C\u0639\u0641\u0631\u06CC",
    "Email": "ard.jaafry@example.com",
    "SourceId": 1
  },
  {
    "FirstName": "\u0645\u0631\u06CC\u0645",
    "LastName": "\u0646\u062C\u0627\u062A\u06CC",
    "Email": "mrym.njty@example.com",
    "SourceId": 1
  },
  {
    "FirstName": "Martha",
    "LastName": "Lane",
    "Email": "martha.lane@example.com",
    "SourceId": 1
  },
  {
    "FirstName": "Mac\u00E1rio",
    "LastName": "Freitas",
    "Email": "macario.freitas@example.com",
    "SourceId": 1
  },
  {
    "FirstName": "Ishita",
    "LastName": "Shetty",
    "Email": "ishita.shetty@example.com",
    "SourceId": 1
  },
  {
    "FirstName": "Rose",
    "LastName": "Martinez",
    "Email": "rose.martinez@example.com",
    "SourceId": 1
  },
  {
    "FirstName": "Aaron",
    "LastName": "Blanchard",
    "Email": "aaron.blanchard@example.com",
    "SourceId": 1
  },
  {
    "FirstName": "Dubravko",
    "LastName": "\u0160arovi\u0107",
    "Email": "dubravko.sarovic@example.com",
    "SourceId": 1
  },
  {
    "FirstName": "Caleb",
    "LastName": "Caldwell",
    "Email": "caleb.caldwell@example.com",
    "SourceId": 1
  },
  {
    "FirstName": "Gabrielle",
    "LastName": "Smith",
    "Email": "gabrielle.smith@example.com",
    "SourceId": 1
  },
  {
    "FirstName": "Elias",
    "LastName": "Kauppi",
    "Email": "elias.kauppi@example.com",
    "SourceId": 1
  },
  {
    "FirstName": "Arnaud",
    "LastName": "Gill",
    "Email": "arnaud.gill@example.com",
    "SourceId": 1
  },
  {
    "FirstName": "Kimberly",
    "LastName": "Foster",
    "Email": "kimberly.foster@example.com",
    "SourceId": 1
  },
  {
    "FirstName": "Iker",
    "LastName": "Soto",
    "Email": "iker.soto@example.com",
    "SourceId": 1
  },
  {
    "FirstName": "Gael",
    "LastName": "Camarillo",
    "Email": "gael.camarillo@example.com",
    "SourceId": 1
  },
  {
    "FirstName": "L\u00E9ccio",
    "LastName": "Duarte",
    "Email": "leccio.duarte@example.com",
    "SourceId": 1
  },
  {
    "FirstName": "Albert",
    "LastName": "Pedersen",
    "Email": "albert.pedersen@example.com",
    "SourceId": 1
  },
  {
    "FirstName": "Clara",
    "LastName": "Ganter",
    "Email": "clara.ganter@example.com",
    "SourceId": 1
  },
  {
    "FirstName": "Socorro",
    "LastName": "Balderas",
    "Email": "socorro.balderas@example.com",
    "SourceId": 1
  },
  {
    "FirstName": "Fletcher",
    "LastName": "Kumar",
    "Email": "fletcher.kumar@example.com",
    "SourceId": 1
  },
  {
    "FirstName": "Aileen",
    "LastName": "Niehof",
    "Email": "aileen.niehof@example.com",
    "SourceId": 1
  },
  {
    "FirstName": "Leposava",
    "LastName": "Toma\u0161evi\u0107",
    "Email": "leposava.tomasevic@example.com",
    "SourceId": 1
  },
  {
    "FirstName": "Enrique",
    "LastName": "Miles",
    "Email": "enrique.miles@example.com",
    "SourceId": 1
  },
  {
    "FirstName": "Joshua",
    "LastName": "Sanchez",
    "Email": "joshua.sanchez@example.com",
    "SourceId": 1
  },
  {
    "FirstName": "Aurora",
    "LastName": "Johnson",
    "Email": "aurora.johnson@example.com",
    "SourceId": 1
  },
  {
    "FirstName": "Helmi",
    "LastName": "Annala",
    "Email": "helmi.annala@example.com",
    "SourceId": 1
  },
  {
    "FirstName": "Krasimira",
    "LastName": "Kozachenko",
    "Email": "krasimira.kozachenko@example.com",
    "SourceId": 1
  },
  {
    "FirstName": "\u0645\u0647\u0631\u0627\u062F",
    "LastName": "\u06A9\u0627\u0645\u0631\u0648\u0627",
    "Email": "mhrd.khmrw@example.com",
    "SourceId": 1
  },
  {
    "FirstName": "Jenny",
    "LastName": "Wildner",
    "Email": "jenny.wildner@example.com",
    "SourceId": 1
  },
  {
    "FirstName": "Samuel",
    "LastName": "Laine",
    "Email": "samuel.laine@example.com",
    "SourceId": 1
  },
  {
    "FirstName": "Veril\u00E2ndia",
    "LastName": "Mendes",
    "Email": "verilandia.mendes@example.com",
    "SourceId": 1
  },
  {
    "FirstName": "Ahmet",
    "LastName": "Velio\u011Flu",
    "Email": "ahmet.velioglu@example.com",
    "SourceId": 1
  },
  {
    "FirstName": "Vladlena",
    "LastName": "Rozumovskiy",
    "Email": "vladlena.rozumovskiy@example.com",
    "SourceId": 1
  },
  {
    "FirstName": "Thea",
    "LastName": "Thomas",
    "Email": "thea.thomas@example.com",
    "SourceId": 1
  },
  {
    "FirstName": "Goriglyad",
    "LastName": "Yavorskiy",
    "Email": "goriglyad.yavorskiy@example.com",
    "SourceId": 1
  },
  {
    "FirstName": "Ellen",
    "LastName": "Rautio",
    "Email": "ellen.rautio@example.com",
    "SourceId": 1
  },
  {
    "FirstName": "Ga\u00EBl",
    "LastName": "Lemaire",
    "Email": "gael.lemaire@example.com",
    "SourceId": 1
  },
  {
    "FirstName": "Sylvia",
    "LastName": "Lawson",
    "Email": "sylvia.lawson@example.com",
    "SourceId": 1
  },
  {
    "FirstName": "Maxence",
    "LastName": "Duval",
    "Email": "maxence.duval@example.com",
    "SourceId": 1
  },
  {
    "FirstName": "Anton",
    "LastName": "Kristensen",
    "Email": "anton.kristensen@example.com",
    "SourceId": 1
  },
  {
    "FirstName": "Rozerin",
    "LastName": "Frantzen",
    "Email": "rozerin.frantzen@example.com",
    "SourceId": 1
  },
  {
    "FirstName": "Tony",
    "LastName": "B\u00F8hmer",
    "Email": "tony.bohmer@example.com",
    "SourceId": 1
  },
  {
    "FirstName": "Rose",
    "LastName": "Walker",
    "Email": "rose.walker@example.com",
    "SourceId": 1
  },
  {
    "FirstName": "Ramiro",
    "LastName": "Naranjo",
    "Email": "ramiro.naranjo@example.com",
    "SourceId": 1
  },
  {
    "FirstName": "Mina",
    "LastName": "Borjan",
    "Email": "mina.borjan@example.com",
    "SourceId": 1
  },
  {
    "FirstName": "L\u00E9ane",
    "LastName": "Martin",
    "Email": "leane.martin@example.com",
    "SourceId": 1
  },
  {
    "FirstName": "\u0634\u0627\u06CC\u0627\u0646",
    "LastName": "\u0642\u0627\u0633\u0645\u06CC",
    "Email": "shyn.qsmy@example.com",
    "SourceId": 1
  },
  {
    "FirstName": "Phoebe",
    "LastName": "King",
    "Email": "phoebe.king@example.com",
    "SourceId": 1
  },
  {
    "FirstName": "Summer",
    "LastName": "White",
    "Email": "summer.white@example.com",
    "SourceId": 1
  },
  {
    "FirstName": "Leticia",
    "LastName": "Villag\u00F3mez",
    "Email": "leticia.villagomez@example.com",
    "SourceId": 1
  },
  {
    "FirstName": "Archie",
    "LastName": "Chen",
    "Email": "archie.chen@example.com",
    "SourceId": 1
  },
  {
    "FirstName": "Claire",
    "LastName": "Mills",
    "Email": "claire.mills@example.com",
    "SourceId": 1
  },
  {
    "FirstName": "Abbie",
    "LastName": "Bradley",
    "Email": "abbie.bradley@example.com",
    "SourceId": 1
  },
  {
    "FirstName": "Volkan",
    "LastName": "Ba\u015Fo\u011Flu",
    "Email": "volkan.basoglu@example.com",
    "SourceId": 1
  },
  {
    "FirstName": "Mikael",
    "LastName": "Haataja",
    "Email": "mikael.haataja@example.com",
    "SourceId": 1
  },
  {
    "FirstName": "Julia",
    "LastName": "Bahena",
    "Email": "julia.bahena@example.com",
    "SourceId": 1
  },
  {
    "FirstName": "Juliette",
    "LastName": "Francois",
    "Email": "juliette.francois@example.com",
    "SourceId": 1
  },
  {
    "FirstName": "Wanda",
    "LastName": "Rice",
    "Email": "wanda.rice@example.com",
    "SourceId": 1
  },
  {
    "FirstName": "Lisete",
    "LastName": "Ramos",
    "Email": "lisete.ramos@example.com",
    "SourceId": 1
  },
  {
    "FirstName": "\u0645\u06CC\u0644\u0627\u062F",
    "LastName": "\u0645\u0631\u0627\u062F\u06CC",
    "Email": "myld.mrdy@example.com",
    "SourceId": 1
  },
  {
    "FirstName": "Davi",
    "LastName": "Farias",
    "Email": "davi.farias@example.com",
    "SourceId": 1
  },
  {
    "FirstName": "Michael",
    "LastName": "Thiede",
    "Email": "michael.thiede@example.com",
    "SourceId": 1
  },
  {
    "FirstName": "Gerald",
    "LastName": "Peterson",
    "Email": "gerald.peterson@example.com",
    "SourceId": 1
  },
  {
    "FirstName": "Franca",
    "LastName": "Dumont",
    "Email": "franca.dumont@example.com",
    "SourceId": 1
  },
  {
    "FirstName": "Louison",
    "LastName": "Jean",
    "Email": "louison.jean@example.com",
    "SourceId": 1
  },
  {
    "FirstName": "Mustafa",
    "LastName": "Karada\u015F",
    "Email": "mustafa.karadas@example.com",
    "SourceId": 1
  },
  {
    "FirstName": "Gabrielle",
    "LastName": "Lavigne",
    "Email": "gabrielle.lavigne@example.com",
    "SourceId": 1
  },
  {
    "FirstName": "Mattias",
    "LastName": "Vikan",
    "Email": "mattias.vikan@example.com",
    "SourceId": 1
  },
  {
    "FirstName": "Aize",
    "LastName": "Hernandez",
    "Email": "aize.hernandez@example.com",
    "SourceId": 1
  },
  {
    "FirstName": "Allen",
    "LastName": "Larson",
    "Email": "allen.larson@example.com",
    "SourceId": 1
  },
  {
    "FirstName": "Nathaniel",
    "LastName": "Lee",
    "Email": "nathaniel.lee@example.com",
    "SourceId": 1
  },
  {
    "FirstName": "Juanita",
    "LastName": "Hoffman",
    "Email": "juanita.hoffman@example.com",
    "SourceId": 1
  },
  {
    "FirstName": "Oscar",
    "LastName": "Price",
    "Email": "oscar.price@example.com",
    "SourceId": 1
  },
  {
    "FirstName": "Ma\u00EBlys",
    "LastName": "Barbier",
    "Email": "maelys.barbier@example.com",
    "SourceId": 1
  },
  {
    "FirstName": "Yaropolk",
    "LastName": "Velikanovich",
    "Email": "yaropolk.velikanovich@example.com",
    "SourceId": 1
  },
  {
    "FirstName": "Luis Miguel",
    "LastName": "Oquendo",
    "Email": "luismiguel.oquendo@example.com",
    "SourceId": 1
  },
  {
    "FirstName": "Alisa",
    "LastName": "Prudius",
    "Email": "alisa.prudius@example.com",
    "SourceId": 1
  },
  {
    "FirstName": "Nikolina",
    "LastName": "Kova\u010D",
    "Email": "nikolina.kovac@example.com",
    "SourceId": 1
  },
  {
    "FirstName": "Cassandra",
    "LastName": "Petit",
    "Email": "cassandra.petit@example.com",
    "SourceId": 1
  },
  {
    "FirstName": "Mita",
    "LastName": "Mladenovi\u0107",
    "Email": "mita.mladenovic@example.com",
    "SourceId": 1
  },
  {
    "FirstName": "Delphine",
    "LastName": "C\u00F4t\u00E9",
    "Email": "delphine.cote@example.com",
    "SourceId": 1
  },
  {
    "FirstName": "Helmi",
    "LastName": "Peura",
    "Email": "helmi.peura@example.com",
    "SourceId": 1
  },
  {
    "FirstName": "Flavia",
    "LastName": "Michel",
    "Email": "flavia.michel@example.com",
    "SourceId": 1
  },
  {
    "FirstName": "Hans-Jochen",
    "LastName": "Pott",
    "Email": "hans-jochen.pott@example.com",
    "SourceId": 1
  },
  {
    "FirstName": "Beg\u00FCm",
    "LastName": "K\u00F6rm\u00FCk\u00E7\u00FC",
    "Email": "begum.kormukcu@example.com",
    "SourceId": 1
  },
  {
    "FirstName": "Stanislava",
    "LastName": "Man\u010Di\u0107",
    "Email": "stanislava.mancic@example.com",
    "SourceId": 1
  },
  {
    "FirstName": "Co\u015Fkun",
    "LastName": "Menemencio\u011Flu",
    "Email": "coskun.menemencioglu@example.com",
    "SourceId": 1
  },
  {
    "FirstName": "Brayden",
    "LastName": "Thompson",
    "Email": "brayden.thompson@example.com",
    "SourceId": 1
  },
  {
    "FirstName": "Nadislava",
    "LastName": "Sidoruk",
    "Email": "nadislava.sidoruk@example.com",
    "SourceId": 1
  },
  {
    "FirstName": "Julija",
    "LastName": "Pavi\u0107",
    "Email": "julija.pavic@example.com",
    "SourceId": 1
  },
  {
    "FirstName": "Natalie",
    "LastName": "Hughes",
    "Email": "natalie.hughes@example.com",
    "SourceId": 1
  },
  {
    "FirstName": "Lee",
    "LastName": "Davis",
    "Email": "lee.davis@example.com",
    "SourceId": 1
  },
  {
    "FirstName": "Frederick",
    "LastName": "Newman",
    "Email": "frederick.newman@example.com",
    "SourceId": 1
  },
  {
    "FirstName": "Abhimanyu",
    "LastName": "Chavare",
    "Email": "abhimanyu.chavare@example.com",
    "SourceId": 1
  },
  {
    "FirstName": "David",
    "LastName": "Thompson",
    "Email": "david.thompson@example.com",
    "SourceId": 1
  },
  {
    "FirstName": "Barbara",
    "LastName": "Foster",
    "Email": "barbara.foster@example.com",
    "SourceId": 1
  },
  {
    "FirstName": "Conny",
    "LastName": "Stoks",
    "Email": "conny.stoks@example.com",
    "SourceId": 1
  },
  {
    "FirstName": "Redmer",
    "LastName": "Koca",
    "Email": "redmer.koca@example.com",
    "SourceId": 1
  },
  {
    "FirstName": "Alisa",
    "LastName": "Maijala",
    "Email": "alisa.maijala@example.com",
    "SourceId": 1
  },
  {
    "FirstName": "Akseli",
    "LastName": "Wuollet",
    "Email": "akseli.wuollet@example.com",
    "SourceId": 1
  },
  {
    "FirstName": "Alejandro",
    "LastName": "Guerrero",
    "Email": "alejandro.guerrero@example.com",
    "SourceId": 1
  },
  {
    "FirstName": "Avi",
    "LastName": "Shah",
    "Email": "avi.shah@example.com",
    "SourceId": 1
  },
  {
    "FirstName": "Lucas",
    "LastName": "Wong",
    "Email": "lucas.wong@example.com",
    "SourceId": 1
  },
  {
    "FirstName": "Annette",
    "LastName": "Henderson",
    "Email": "annette.henderson@example.com",
    "SourceId": 1
  },
  {
    "FirstName": "Pilar",
    "LastName": "\u00C1lvarez",
    "Email": "pilar.alvarez@example.com",
    "SourceId": 1
  },
  {
    "FirstName": "Wassila",
    "LastName": "Drees",
    "Email": "wassila.drees@example.com",
    "SourceId": 1
  },
  {
    "FirstName": "Nathan",
    "LastName": "Hughes",
    "Email": "nathan.hughes@example.com",
    "SourceId": 1
  },
  {
    "FirstName": "Leticia",
    "LastName": "Robledo",
    "Email": "leticia.robledo@example.com",
    "SourceId": 1
  },
  {
    "FirstName": "Ja\u00EBl",
    "LastName": "Huijser",
    "Email": "jael.huijser@example.com",
    "SourceId": 1
  },
  {
    "FirstName": "Viivi",
    "LastName": "Raisanen",
    "Email": "viivi.raisanen@example.com",
    "SourceId": 1
  },
  {
    "FirstName": "Irmi",
    "LastName": "Conradi",
    "Email": "irmi.conradi@example.com",
    "SourceId": 1
  },
  {
    "FirstName": "\u0622\u0648\u0627",
    "LastName": "\u0643\u0627\u0645\u064A\u0627\u0631\u0627\u0646",
    "Email": "aw.kmyrn@example.com",
    "SourceId": 1
  },
  {
    "FirstName": "Norbert",
    "LastName": "Burghardt",
    "Email": "norbert.burghardt@example.com",
    "SourceId": 1
  },
  {
    "FirstName": "Patricia",
    "LastName": "Colin",
    "Email": "patricia.colin@example.com",
    "SourceId": 1
  },
  {
    "FirstName": "Philip",
    "LastName": "Jean-Baptiste",
    "Email": "philip.jean-baptiste@example.com",
    "SourceId": 1
  },
  {
    "FirstName": "Reggy",
    "LastName": "Kerssens",
    "Email": "reggy.kerssens@example.com",
    "SourceId": 1
  },
  {
    "FirstName": "Celine",
    "LastName": "Legrand",
    "Email": "celine.legrand@example.com",
    "SourceId": 1
  },
  {
    "FirstName": "Keith",
    "LastName": "Shaw",
    "Email": "keith.shaw@example.com",
    "SourceId": 1
  },
  {
    "FirstName": "Jacqueline",
    "LastName": "Berry",
    "Email": "jacqueline.berry@example.com",
    "SourceId": 1
  },
  {
    "FirstName": "Manuel",
    "LastName": "Mason",
    "Email": "manuel.mason@example.com",
    "SourceId": 1
  },
  {
    "FirstName": "Nemir",
    "LastName": "Nestayko",
    "Email": "nemir.nestayko@example.com",
    "SourceId": 1
  },
  {
    "FirstName": "Toivo",
    "LastName": "Lampinen",
    "Email": "toivo.lampinen@example.com",
    "SourceId": 1
  },
  {
    "FirstName": "Hermann",
    "LastName": "Kvalsvik",
    "Email": "hermann.kvalsvik@example.com",
    "SourceId": 1
  },
  {
    "FirstName": "\u067E\u0631\u0646\u06CC\u0627",
    "LastName": "\u062C\u0639\u0641\u0631\u06CC",
    "Email": "prny.jaafry@example.com",
    "SourceId": 1
  },
  {
    "FirstName": "Raissa",
    "LastName": "Rogge",
    "Email": "raissa.rogge@example.com",
    "SourceId": 1
  },
  {
    "FirstName": "Alexis",
    "LastName": "Sanchez",
    "Email": "alexis.sanchez@example.com",
    "SourceId": 1
  },
  {
    "FirstName": "Baguandas",
    "LastName": "Pinto",
    "Email": "baguandas.pinto@example.com",
    "SourceId": 1
  },
  {
    "FirstName": "Tracy",
    "LastName": "Smythe",
    "Email": "tracy.smythe@example.com",
    "SourceId": 1
  },
  {
    "FirstName": "Villads",
    "LastName": "Jensen",
    "Email": "villads.jensen@example.com",
    "SourceId": 1
  },
  {
    "FirstName": "Afet",
    "LastName": "Abadan",
    "Email": "afet.abadan@example.com",
    "SourceId": 1
  },
  {
    "FirstName": "Slavica",
    "LastName": "Caron",
    "Email": "slavica.caron@example.com",
    "SourceId": 1
  },
  {
    "FirstName": "Julius",
    "LastName": "Hannula",
    "Email": "julius.hannula@example.com",
    "SourceId": 1
  },
  {
    "FirstName": "Frida",
    "LastName": "Gallegos",
    "Email": "frida.gallegos@example.com",
    "SourceId": 1
  },
  {
    "FirstName": "Maron",
    "LastName": "Siekman",
    "Email": "maron.siekman@example.com",
    "SourceId": 1
  },
  {
    "FirstName": "Jane",
    "LastName": "Stephens",
    "Email": "jane.stephens@example.com",
    "SourceId": 1
  },
  {
    "FirstName": "Ben",
    "LastName": "Ryland",
    "Email": "ben.ryland@example.com",
    "SourceId": 1
  },
  {
    "FirstName": "Teodora",
    "LastName": "Pavi\u0107",
    "Email": "teodora.pavic@example.com",
    "SourceId": 1
  },
  {
    "FirstName": "Dragojlo",
    "LastName": "Mitrovi\u0107",
    "Email": "dragojlo.mitrovic@example.com",
    "SourceId": 1
  },
  {
    "FirstName": "Natalia",
    "LastName": "Suarez",
    "Email": "natalia.suarez@example.com",
    "SourceId": 1
  },
  {
    "FirstName": "Leo",
    "LastName": "Welch",
    "Email": "leo.welch@example.com",
    "SourceId": 1
  },
  {
    "FirstName": "Silvan",
    "LastName": "Leclerc",
    "Email": "silvan.leclerc@example.com",
    "SourceId": 1
  },
  {
    "FirstName": "Ronja",
    "LastName": "Valli",
    "Email": "ronja.valli@example.com",
    "SourceId": 1
  },
  {
    "FirstName": "Jos\u00E9 Emilio",
    "LastName": "Miranda",
    "Email": "joseemilio.miranda@example.com",
    "SourceId": 1
  },
  {
    "FirstName": "Wallace",
    "LastName": "Ferguson",
    "Email": "wallace.ferguson@example.com",
    "SourceId": 1
  },
  {
    "FirstName": "Jaber",
    "LastName": "Van der Mark",
    "Email": "jaber.vandermark@example.com",
    "SourceId": 1
  },
  {
    "FirstName": "Lydia",
    "LastName": "B\u00FCnger",
    "Email": "lydia.bunger@example.com",
    "SourceId": 1
  },
  {
    "FirstName": "Pallavi",
    "LastName": "Salian",
    "Email": "pallavi.salian@example.com",
    "SourceId": 1
  },
  {
    "FirstName": null,
    "LastName": null,
    "Email": null,
    "SourceId": 0
  },
  {
    "FirstName": null,
    "LastName": null,
    "Email": null,
    "SourceId": 0
  },
  {
    "FirstName": null,
    "LastName": null,
    "Email": null,
    "SourceId": 0
  },
  {
    "FirstName": null,
    "LastName": null,
    "Email": null,
    "SourceId": 0
  },
  {
    "FirstName": null,
    "LastName": null,
    "Email": null,
    "SourceId": 0
  },
  {
    "FirstName": null,
    "LastName": null,
    "Email": null,
    "SourceId": 0
  },
  {
    "FirstName": null,
    "LastName": null,
    "Email": null,
    "SourceId": 0
  },
  {
    "FirstName": null,
    "LastName": null,
    "Email": null,
    "SourceId": 0
  },
  {
    "FirstName": null,
    "LastName": null,
    "Email": null,
    "SourceId": 0
  },
  {
    "FirstName": null,
    "LastName": null,
    "Email": null,
    "SourceId": 0
  },
  {
    "FirstName": "Terry",
    "LastName": "Medhurst",
    "Email": "atuny0@sohu.com",
    "SourceId": 2
  },
  {
    "FirstName": "Sheldon",
    "LastName": "Quigley",
    "Email": "hbingley1@plala.or.jp",
    "SourceId": 2
  },
  {
    "FirstName": "Terrill",
    "LastName": "Hills",
    "Email": "rshawe2@51.la",
    "SourceId": 2
  },
  {
    "FirstName": "Miles",
    "LastName": "Cummerata",
    "Email": "yraigatt3@nature.com",
    "SourceId": 2
  },
  {
    "FirstName": "Mavis",
    "LastName": "Schultz",
    "Email": "kmeus4@upenn.edu",
    "SourceId": 2
  },
  {
    "FirstName": "Alison",
    "LastName": "Reichert",
    "Email": "jtreleven5@nhs.uk",
    "SourceId": 2
  },
  {
    "FirstName": "Oleta",
    "LastName": "Abbott",
    "Email": "dpettegre6@columbia.edu",
    "SourceId": 2
  },
  {
    "FirstName": "Ewell",
    "LastName": "Mueller",
    "Email": "ggude7@chron.com",
    "SourceId": 2
  },
  {
    "FirstName": "Demetrius",
    "LastName": "Corkery",
    "Email": "nloiterton8@aol.com",
    "SourceId": 2
  },
  {
    "FirstName": "Eleanora",
    "LastName": "Price",
    "Email": "umcgourty9@jalbum.net",
    "SourceId": 2
  },
  {
    "FirstName": "Marcel",
    "LastName": "Jones",
    "Email": "acharlota@liveinternet.ru",
    "SourceId": 2
  },
  {
    "FirstName": "Assunta",
    "LastName": "Rath",
    "Email": "rhallawellb@dropbox.com",
    "SourceId": 2
  },
  {
    "FirstName": "Trace",
    "LastName": "Douglas",
    "Email": "lgribbinc@posterous.com",
    "SourceId": 2
  },
  {
    "FirstName": "Enoch",
    "LastName": "Lynch",
    "Email": "mturleyd@tumblr.com",
    "SourceId": 2
  },
  {
    "FirstName": "Jeanne",
    "LastName": "Halvorson",
    "Email": "kminchelle@qq.com",
    "SourceId": 2
  },
  {
    "FirstName": "Trycia",
    "LastName": "Fadel",
    "Email": "dpierrof@vimeo.com",
    "SourceId": 2
  },
  {
    "FirstName": "Bradford",
    "LastName": "Prohaska",
    "Email": "vcholdcroftg@ucoz.com",
    "SourceId": 2
  },
  {
    "FirstName": "Arely",
    "LastName": "Skiles",
    "Email": "sberminghamh@chron.com",
    "SourceId": 2
  },
  {
    "FirstName": "Gust",
    "LastName": "Purdy",
    "Email": "bleveragei@so-net.ne.jp",
    "SourceId": 2
  },
  {
    "FirstName": "Lenna",
    "LastName": "Renner",
    "Email": "aeatockj@psu.edu",
    "SourceId": 2
  },
  {
    "FirstName": "Doyle",
    "LastName": "Ernser",
    "Email": "ckensleyk@pen.io",
    "SourceId": 2
  },
  {
    "FirstName": "Tressa",
    "LastName": "Weber",
    "Email": "froachel@howstuffworks.com",
    "SourceId": 2
  },
  {
    "FirstName": "Felicity",
    "LastName": "O\u0027Reilly",
    "Email": "beykelhofm@wikispaces.com",
    "SourceId": 2
  },
  {
    "FirstName": "Jocelyn",
    "LastName": "Schuster",
    "Email": "brickeardn@fema.gov",
    "SourceId": 2
  },
  {
    "FirstName": "Edwina",
    "LastName": "Ernser",
    "Email": "dfundello@amazon.co.jp",
    "SourceId": 2
  },
  {
    "FirstName": "Griffin",
    "LastName": "Braun",
    "Email": "lgronaverp@cornell.edu",
    "SourceId": 2
  },
  {
    "FirstName": "Piper",
    "LastName": "Schowalter",
    "Email": "fokillq@amazon.co.jp",
    "SourceId": 2
  },
  {
    "FirstName": "Kody",
    "LastName": "Terry",
    "Email": "xisherwoodr@ask.com",
    "SourceId": 2
  },
  {
    "FirstName": "Macy",
    "LastName": "Greenfelder",
    "Email": "jissetts@hostgator.com",
    "SourceId": 2
  },
  {
    "FirstName": "Maurine",
    "LastName": "Stracke",
    "Email": "kdulyt@umich.edu",
    "SourceId": 2
  },
  {
    "FirstName": "George",
    "LastName": "Bluth",
    "Email": "george.bluth@reqres.in",
    "SourceId": 4
  },
  {
    "FirstName": "Janet",
    "LastName": "Weaver",
    "Email": "janet.weaver@reqres.in",
    "SourceId": 4
  },
  {
    "FirstName": "Emma",
    "LastName": "Wong",
    "Email": "emma.wong@reqres.in",
    "SourceId": 4
  },
  {
    "FirstName": "Eve",
    "LastName": "Holt",
    "Email": "eve.holt@reqres.in",
    "SourceId": 4
  },
  {
    "FirstName": "Charles",
    "LastName": "Morris",
    "Email": "charles.morris@reqres.in",
    "SourceId": 4
  },
  {
    "FirstName": "Tracey",
    "LastName": "Ramos",
    "Email": "tracey.ramos@reqres.in",
    "SourceId": 4
  }
]